Subconjunto,TopN,Modelo,Cenario,ROC,Sens,Spec,Precision,F1,GMean,mtry,ROCSD,SensSD,SpecSD,PrecisionSD,F1SD,GMeanSD,Variaveis,Usa_SMOTENC,Fase_Protocolo,CV_Folds,CV_Repeats,nrounds,max_depth,eta,gamma,colsample_bytree,min_child_weight,subsample,PRAUC,Accuracy
Top18,18,RF,Sem_balanceamento,0.7722259384098391,0.3801133141197032,0.9465606848058697,0.6689302037145413,0.4846609225267012,0.599729446550246,3,0.010832378601411891,0.0148908481155111,0.002892397183264135,0.014710853450093849,0.014656601906235434,0.011756846237834736,"PAY_0, BILL_AMT1, PAY_AMT2, PAY_AMT1, EDUCATION, PAY_2, BILL_AMT3, LIMIT_BAL, PAY_3, PAY_AMT4, MARRIAGE, SEX, AGE, PAY_5, BILL_AMT5, PAY_AMT3, PAY_AMT5, PAY_AMT6",FALSE,confirmacao,5,2,NA,NA,NA,NA,NA,NA,NA,NA,NA
Top18,18,RF,Com_SMOTENC,0.7630306833979308,0.49698843709851037,0.8812901253439315,0.5432392889749333,0.5189972502837414,0.6617223776181919,3,0.011052107351311288,0.015893286499208695,0.004199328332854765,0.009382467523258055,0.011538555717525528,0.010177296810325613,"PAY_0, BILL_AMT1, PAY_AMT2, PAY_AMT1, EDUCATION, PAY_2, BILL_AMT3, LIMIT_BAL, PAY_3, PAY_AMT4, MARRIAGE, SEX, AGE, PAY_5, BILL_AMT5, PAY_AMT3, PAY_AMT5, PAY_AMT6",TRUE,confirmacao,5,2,NA,NA,NA,NA,NA,NA,NA,NA,NA
Top17,17,XGBoost,Sem_balanceamento,0.7856830689198969,0.3725796034584534,0.9504738612045246,0.6812255778636642,0.4815635362773977,0.5949543848259202,NA,0.011437822259597554,NA,NA,NA,0.016026837603452877,0.012979540664796306,"PAY_0, BILL_AMT1, PAY_AMT2, PAY_AMT1, EDUCATION, PAY_2, BILL_AMT3, LIMIT_BAL, PAY_3, PAY_AMT4, MARRIAGE, SEX, AGE, PAY_5, BILL_AMT5, PAY_AMT3, PAY_AMT5",FALSE,confirmacao,5,2,200,3,0.05,0,0.8,1,0.8,0.5580004678282713,0.8226274299769896
Top17,17,XGBoost,Com_SMOTENC,0.7722211550833745,0.5577970299894672,0.8457352491592784,0.5068371911114229,0.5308444250837703,0.6865920841800812,NA,0.013378990974716478,NA,NA,NA,0.02029281323255877,0.017603439946703242,"PAY_0, BILL_AMT1, PAY_AMT2, PAY_AMT1, EDUCATION, PAY_2, BILL_AMT3, LIMIT_BAL, PAY_3, PAY_AMT4, MARRIAGE, SEX, AGE, PAY_5, BILL_AMT5, PAY_AMT3, PAY_AMT5",TRUE,confirmacao,5,2,100,3,0.05,0,0.8,1,0.8,0.5443220074724613,0.7820342662177939
