Variavel,Importancia_SHAP,Posicao
PAY_0,0.08918485785856463,1
BILL_AMT3,0.03977497901103005,2
BILL_AMT1,0.0373450201723641,3
LIMIT_BAL,0.03143180293913998,4
PAY_3,0.020814346672629935,5
PAY_2,0.020280425184121667,6
PAY_4,0.01900685718574818,7
PAY_AMT2,0.015425293566509412,8
PAY_5,0.013549231276070864,9
BILL_AMT5,0.011976708932624586,10
