Subconjunto,TopN,Modelo,ROC,Sens,Spec,Precision,F1,GMean,parameter,ROCSD,SensSD,SpecSD,PrecisionSD,F1SD,GMeanSD,Variaveis,Base_Treino,Usa_SMOTENC,Fase_Protocolo,CV_Folds,CV_Repeats,Origem,MelhorTopN_GLM,MelhorTopN_XGBoost,mtry
Top18,18,RF,0.7722259384098391,0.3801133141197032,0.9465606848058697,0.6689302037145413,0.4846609225267012,0.599729446550246,NA,0.010832378601411891,0.0148908481155111,0.002892397183264135,0.014710853450093849,0.014656601906235434,0.011756846237834736,"PAY_0, BILL_AMT1, PAY_AMT2, PAY_AMT1, EDUCATION, PAY_2, BILL_AMT3, LIMIT_BAL, PAY_3, PAY_AMT4, MARRIAGE, SEX, AGE, PAY_5, BILL_AMT5, PAY_AMT3, PAY_AMT5, PAY_AMT6",TreinoCompleto,FALSE,confirmacao,5,2,Guiado_por_GLM_XGBoost,13,17,3
Top17,17,RF,0.7710511300724217,0.3800043983008669,0.9454906756343626,0.6645154134065232,0.4833529390111567,0.5992681692019326,NA,0.009638416360527941,0.017023017532596496,0.0035624729318817537,0.015995170600092302,0.016232706215802323,0.013283531336188141,"PAY_0, BILL_AMT1, PAY_AMT2, PAY_AMT1, EDUCATION, PAY_2, BILL_AMT3, LIMIT_BAL, PAY_3, PAY_AMT4, MARRIAGE, SEX, AGE, PAY_5, BILL_AMT5, PAY_AMT3, PAY_AMT5",TreinoCompleto,FALSE,confirmacao,5,2,Guiado_por_GLM_XGBoost,13,17,3
Top13,13,GLM,0.7294901841419863,0.24849207727120154,0.9707428920819321,0.7074069498804612,0.36771724071891465,0.4911012303480753,none,0.017233298265863013,0.006895268595283332,0.0029254195422915063,0.022607592896073343,0.009082708835918494,0.006939241598529619,"PAY_0, BILL_AMT1, PAY_AMT2, PAY_AMT1, EDUCATION, PAY_2, BILL_AMT3, LIMIT_BAL, PAY_3, PAY_AMT4, MARRIAGE, SEX, AGE",TreinoCompleto,FALSE,confirmacao,5,2,Guiado_por_GLM_XGBoost,13,17,NA
Top12,12,GLM,0.7294153322960749,0.2504292973135641,0.9710180372974625,0.7108481373686041,0.37030082920737567,0.4930697306987126,none,0.01727294417752061,0.007817920939710609,0.00263697446075791,0.02041628818665572,0.009814085645949733,0.007741560707782605,"PAY_0, BILL_AMT1, PAY_AMT2, PAY_AMT1, EDUCATION, PAY_2, BILL_AMT3, LIMIT_BAL, PAY_3, PAY_AMT4, MARRIAGE, SEX",TreinoCompleto,FALSE,confirmacao,5,2,Guiado_por_GLM_XGBoost,13,17,NA
