Subconjunto,TopN,Modelo,ROC,Sens,Spec,Precision,F1,GMean,sigma,C,ROCSD,SensSD,SpecSD,PrecisionSD,F1SD,GMeanSD,Variaveis,Base_Treino,Usa_SMOTENC,Fase_Protocolo,CV_Folds,CV_Repeats,Origem,MelhorTopN_GLM,MelhorTopN_XGBoost
Top18,18,SVM_Radial,0.73208850626334665,0.32188895447758603,0.961326811372669,0.702685083858517,0.44144868216603234,0.5561903884838888,0.0390765,4,0.01041253016412237,0.011615488247915277,0.0012910281727626686,0.009027684794633704,0.012167808923349406,0.009966391717465106,"PAY_0, BILL_AMT1, PAY_AMT2, PAY_AMT1, EDUCATION, PAY_2, BILL_AMT3, LIMIT_BAL, PAY_3, PAY_AMT4, MARRIAGE, SEX, AGE, PAY_5, BILL_AMT5, PAY_AMT3, PAY_AMT5, PAY_AMT6",TreinoCompleto,FALSE,confirmacao,5,2,Guiado_por_GLM_XGBoost,13,17
Top15,15,SVM_Radial,0.7315151352090403,0.32737733949095454,0.960837664322837,0.7035267059138255,0.4467233631399771,0.5607278705285157,0.0415703,4,0.009046368914107773,0.014527957700861488,0.0016077208701323177,0.012032953746616348,0.015323750839800362,0.012408631614214589,"PAY_0, BILL_AMT1, PAY_AMT2, PAY_AMT1, EDUCATION, PAY_2, BILL_AMT3, LIMIT_BAL, PAY_3, PAY_AMT4, MARRIAGE, SEX, AGE, PAY_5, BILL_AMT5",TreinoCompleto,FALSE,confirmacao,5,2,Guiado_por_GLM_XGBoost,13,17
