Subconjunto,TopN,Modelo,ROC,Sens,Spec,Precision,F1,GMean,size,decay,ROCSD,SensSD,SpecSD,PrecisionSD,F1SD,GMeanSD,Variaveis,Base_Treino,Usa_SMOTENC,Fase_Protocolo,CV_Folds,CV_Repeats,Origem,MelhorTopN_GLM,MelhorTopN_XGBoost,bag
Top19,19,NNET,0.7765180875496547,0.3691343449425327,0.9484867013145827,0.6705634723488341,0.4760865979368961,0.5916304245024792,5,0.1,0.011575611241155774,0.012837894263204133,0.002615026479232916,0.014602440612760415,0.01339516259521067,0.010438146394866883,"PAY_0, BILL_AMT1, PAY_AMT2, PAY_AMT1, EDUCATION, PAY_2, BILL_AMT3, LIMIT_BAL, PAY_3, PAY_AMT4, MARRIAGE, SEX, AGE, PAY_5, BILL_AMT5, PAY_AMT3, PAY_AMT5, PAY_AMT6, PAY_4",TreinoCompleto,FALSE,confirmacao,5,2,Guiado_por_GLM_XGBoost,13,17,NA
Top15,15,NNET,0.7761282885334059,0.3720404643679757,0.9472332619993885,0.6669213430107729,0.4774934197388516,0.5935043915084122,7,0.1,0.009887792829941249,0.016644264624424927,0.002513580530858365,0.012284298354532385,0.015447774837844448,0.012907797647312157,"PAY_0, BILL_AMT1, PAY_AMT2, PAY_AMT1, EDUCATION, PAY_2, BILL_AMT3, LIMIT_BAL, PAY_3, PAY_AMT4, MARRIAGE, SEX, AGE, PAY_5, BILL_AMT5",TreinoCompleto,FALSE,confirmacao,5,2,Guiado_por_GLM_XGBoost,13,17,NA
Top17,17,avNNet,0.7748488346723119,0.3705348565343704,0.9502598593702232,0.6790300113921872,0.4793061533138895,0.5932479355564045,3,0.1,0.010401703797501284,0.01665372801229479,0.002545805922279647,0.013369983587225602,0.015884726278819,0.013066541799986214,"PAY_0, BILL_AMT1, PAY_AMT2, PAY_AMT1, EDUCATION, PAY_2, BILL_AMT3, LIMIT_BAL, PAY_3, PAY_AMT4, MARRIAGE, SEX, AGE, PAY_5, BILL_AMT5, PAY_AMT3, PAY_AMT5",TreinoCompleto,FALSE,confirmacao,5,2,Guiado_por_GLM_XGBoost,13,17,FALSE
Top11,11,avNNet,0.7746205724891507,0.3638606664583261,0.9509018648731276,0.67804528476923,0.4735277490457051,0.5881601196468829,5,0.1,0.009526861868398124,0.010620500882303914,0.0029787140986764827,0.01606899974915165,0.011856790668744541,0.008897860615595478,"PAY_0, BILL_AMT1, PAY_AMT2, PAY_AMT1, EDUCATION, PAY_2, BILL_AMT3, LIMIT_BAL, PAY_3, PAY_AMT4, MARRIAGE",TreinoCompleto,FALSE,confirmacao,5,2,Guiado_por_GLM_XGBoost,13,17,FALSE
