Subconjunto,Modelo,ROC,Sens,Spec,Precision,F1,GMean,size,decay,ROCSD,SensSD,SpecSD,PrecisionSD,F1SD,GMeanSD,Variaveis,bag
Top13,avNNet,0.7772206910085729,0.35938877262860075,0.951422778799263,0.6779257390559809,0.4694580722248021,0.5845932091517946,5,0.1,0.0042882079777797864,0.016879246031804646,0.00405042515572305,0.00876083878274541,0.012950933889424456,0.012693170282534418,"PAY_0, BILL_AMT1, PAY_AMT2, PAY_AMT1, EDUCATION, PAY_2, LIMIT_BAL, MARRIAGE, PAY_3, BILL_AMT3, SEX, BILL_AMT5, PAY_AMT4",FALSE
Top14,avNNet,0.7767993155421161,0.3573170320434654,0.9520112286570301,0.6793922770195173,0.4681821953002134,0.5832006828126545,5,0.01,0.004361883914237693,0.007964755691619257,0.004024493066589411,0.013718701111349905,0.004272617397455093,0.005360142976232,"PAY_0, BILL_AMT1, PAY_AMT2, PAY_AMT1, EDUCATION, PAY_2, LIMIT_BAL, MARRIAGE, PAY_3, BILL_AMT3, SEX, BILL_AMT5, PAY_AMT4, AGE",FALSE
Top10,avNNet,0.7761733496836836,0.35392666904512143,0.9522249892711863,0.6793919625779524,0.46469749961139384,0.5802566745443759,5,0.01,0.0047436799638075925,0.02149407169392282,0.0074477455476792504,0.021380136721379246,0.014149563598957056,0.015577691979624617,"PAY_0, BILL_AMT1, PAY_AMT2, PAY_AMT1, EDUCATION, PAY_2, LIMIT_BAL, MARRIAGE, PAY_3, BILL_AMT3",FALSE
Top13,NNET,0.775852809236889,0.3544923507830263,0.9521180087951231,0.6787008405715769,0.4651327075999603,0.5806694752230952,5,0.01,0.003439229967620536,0.022847701042131175,0.006360368925365483,0.01894032800725884,0.01817620852474163,0.017487563015451114,"PAY_0, BILL_AMT1, PAY_AMT2, PAY_AMT1, EDUCATION, PAY_2, LIMIT_BAL, MARRIAGE, PAY_3, BILL_AMT3, SEX, BILL_AMT5, PAY_AMT4",NA
Top10,NNET,0.7752378288655649,0.35468262716301824,0.9512627087611085,0.6742091095827962,0.46455780297918603,0.5806992676837199,5,0.1,0.007429503415992561,0.01720159642773804,0.0036769370234368383,0.006263629093541613,0.01343967086392424,0.012985248904163173,"PAY_0, BILL_AMT1, PAY_AMT2, PAY_AMT1, EDUCATION, PAY_2, LIMIT_BAL, MARRIAGE, PAY_3, BILL_AMT3",NA
Top14,NNET,0.7726033890879189,0.3518542184734936,0.9522253040879964,0.677141665440459,0.4627500900893937,0.5786758897417391,5,0.1,0.007437610073735014,0.016489973271499505,0.004730173231644482,0.012224089622296888,0.011862004181003676,0.012177603842944546,"PAY_0, BILL_AMT1, PAY_AMT2, PAY_AMT1, EDUCATION, PAY_2, LIMIT_BAL, MARRIAGE, PAY_3, BILL_AMT3, SEX, BILL_AMT5, PAY_AMT4, AGE",NA
