Cenario,Threshold,ROC,PRAUC,Sens,Spec,Precision,F1,GMean,Accuracy,TP,FP,FN,TN
XGB_Top14_SemBalanceamento_Youden,0.2164292111992836,0.7728074739860227,0.5452119123654198,0.6141672946495855,0.7990154109589042,0.4646522234891676,0.5290490100616683,0.7005206159221561,0.7581263543923987,815,939,512,3733
XGB_Top14_ComSMOTENC_Youden,0.43926265835762024,0.7627260899804895,0.5267069802389202,0.6179351921627732,0.7709760273972602,0.43386243386243384,0.5097917314267952,0.6902269334375597,0.7371228538089681,820,1070,507,3602
RF_Top14_SemBalanceamento_Youden,0.23249999999999998,0.7469709233155434,0.5292509783868745,0.6043707611152976,0.7626284246575342,0.4196755625327054,0.49536751080914143,0.6789037645045388,0.727621270211702,802,1109,525,3563
RF_Top14_ComSMOTENC_Youden,0.4175,0.745668772775134,0.5060526668263595,0.5885455915599096,0.791095890410959,0.44450768355150827,0.5064850843060961,0.6823459524336106,0.7462910485080847,781,976,546,3696
