Variavel,Importancia_SHAP,Posicao
PAY_0,0.08008245269435751,1
LIMIT_BAL,0.023174919241690888,2
PAY_3,0.017987529905509364,3
PAY_AMT1,0.01724924746542344,4
BILL_AMT1,0.013768281301712385,5
PAY_AMT3,0.013527719353523713,6
PAY_2,0.013051366611554031,7
PAY_AMT2,0.012314314699131565,8
PAY_AMT4,0.01068380408830529,9
PAY_6,0.010082538362015213,10
